{"StatusCode":0,"Message":null,"ExecutionTime":43,"ResponseData":{"LatestUpdate":"2019-04-29T11:22:17","DataAge":35,"Metros":[],"Buses":[{"GroupOfLine":"blåbuss","TransportMode":"BUS","LineNumber":"177","Destination":"Mörby station","JourneyDirection":1,"StopAreaName":"Solna strand - Huvudstaleden","StopAreaNumber":50233,"StopPointNumber":50233,"StopPointDesignation":null,"TimeTabledDateTime":"2019-04-29T11:23:43","ExpectedDateTime":"2019-04-29T11:25:14","DisplayTime":"2 min","JourneyNumber":10502,"Deviations":null},{"GroupOfLine":"blåbuss","TransportMode":"BUS","LineNumber":"176","Destination":"Stenhamra","JourneyDirection":2,"StopAreaName":"Solna strand - Huvudstaleden","StopAreaNumber":50233,"StopPointNumber":50234,"StopPointDesignation":null,"TimeTabledDateTime":"2019-04-29T11:31:16","ExpectedDateTime":"2019-04-29T11:31:16","DisplayTime":"11:31","JourneyNumber":10370,"Deviations":null},{"GroupOfLine":"blåbuss","TransportMode":"BUS","LineNumber":"176","Destination":"Mörby station","JourneyDirection":1,"StopAreaName":"Solna strand - Huvudstaleden","StopAreaNumber":50233,"StopPointNumber":50233,"StopPointDesignation":null,"TimeTabledDateTime":"2019-04-29T11:33:43","ExpectedDateTime":"2019-04-29T11:37:02","DisplayTime":"14 min","JourneyNumber":13101,"Deviations":null},{"GroupOfLine":"blåbuss","TransportMode":"BUS","LineNumber":"177","Destination":"Skärvik","JourneyDirection":2,"StopAreaName":"Solna strand - Huvudstaleden","StopAreaNumber":50233,"StopPointNumber":50234,"StopPointDesignation":null,"TimeTabledDateTime":"2019-04-29T11:41:16","ExpectedDateTime":"2019-04-29T11:41:16","DisplayTime":"18 min","JourneyNumber":10371,"Deviations":null},{"GroupOfLine":"blåbuss","TransportMode":"BUS","LineNumber":"177","Destination":"Mörby station","JourneyDirection":1,"StopAreaName":"Solna strand - Huvudstaleden","StopAreaNumber":50233,"StopPointNumber":50233,"StopPointDesignation":null,"TimeTabledDateTime":"2019-04-29T11:43:43","ExpectedDateTime":"2019-04-29T11:45:13","DisplayTime":"22 min","JourneyNumber":10503,"Deviations":null},{"GroupOfLine":"blåbuss","TransportMode":"BUS","LineNumber":"176","Destination":"Stenhamra","JourneyDirection":2,"StopAreaName":"Solna strand - Huvudstaleden","StopAreaNumber":50233,"StopPointNumber":50234,"StopPointDesignation":null,"TimeTabledDateTime":"2019-04-29T11:51:16","ExpectedDateTime":"2019-04-29T11:51:16","DisplayTime":"11:51","JourneyNumber":10372,"Deviations":null}],"Trains":[],"Trams":[],"Ships":[],"StopPointDeviations":[]}}